epoch,F1,loss,precision,recall,val_F1,val_loss,val_precision,val_recall
0,"""[0.5979717]""",0.14876319468021393,0.5979721546173096,0.7605338096618652,"""[0.0]""",1.1379505395889282,0.0,0.0
1,"""[0.66683096]""",0.12897278368473053,0.6668314337730408,0.809116780757904,"""[0.0]""",1.0263652801513672,0.0,0.0
2,"""[0.77273875]""",0.10150439292192459,0.7727392315864563,0.8789923787117004,"""[0.0]""",1.0465013980865479,0.0,0.0
3,"""[0.7885835]""",0.09145281463861465,0.7885840535163879,0.9094316959381104,"""[0.0]""",0.9415120482444763,0.0,0.0
4,"""[0.7857417]""",0.09455136209726334,0.7857421636581421,0.9056830406188965,"""[0.0]""",1.0129003524780273,0.0,0.0
5,"""[0.7606466]""",0.1004265770316124,0.7606470584869385,0.9025341272354126,"""[0.0]""",0.9981620907783508,0.0,0.0
6,"""[0.723526]""",0.1013626903295517,0.7235264778137207,0.8687959313392639,"""[0.0]""",0.9483842849731445,0.0,0.0
7,"""[0.7476077]""",0.09781308472156525,0.7476082444190979,0.8905383348464966,"""[0.0]""",0.8745002746582031,0.0,0.0
8,"""[0.770141]""",0.09497565031051636,0.7701415419578552,0.8972859382629395,"""[0.0]""",0.9208782911300659,0.0,0.0
9,"""[0.78920126]""",0.0923093855381012,0.7892017364501953,0.916179358959198,"""[0.0]""",0.9357620477676392,0.0,0.0
10,"""[0.79591787]""",0.0902211144566536,0.795918345451355,0.9181286692619324,"""[0.0]""",0.8771315813064575,0.0,0.0
11,"""[0.79469806]""",0.08270604908466339,0.7946985363960266,0.9170790314674377,"""[0.0]""",0.9597873091697693,0.0,0.0
12,"""[0.8078897]""",0.08447037637233734,0.8078902363777161,0.9181286692619324,"""[0.0]""",1.0362153053283691,0.0,0.0
13,"""[0.7972059]""",0.08573229610919952,0.7972064018249512,0.9242765307426453,"""[0.0]""",0.9068416357040405,0.0,0.0
14,"""[0.7981422]""",0.08332119882106781,0.798142671585083,0.9278752207756042,"""[0.0]""",0.9459487199783325,0.0,0.0
15,"""[0.7917091]""",0.08771827816963196,0.7917096018791199,0.922177255153656,"""[0.0]""",0.8855857849121094,0.0,0.0
16,"""[0.80482376]""",0.08117028325796127,0.8048242926597595,0.9305742979049683,"""[0.0]""",1.0399243831634521,0.0,0.0
17,"""[0.81036913]""",0.08443630486726761,0.810369610786438,0.9304243326187134,"""[0.0]""",0.9763856530189514,0.0,0.0
18,"""[0.80678666]""",0.08585083484649658,0.8067871332168579,0.9304243326187134,"""[0.0]""",0.9338790774345398,0.0,0.0
19,"""[0.8131877]""",0.08555404096841812,0.8131882548332214,0.9301244616508484,"""[0.0]""",1.0104538202285767,0.0,0.0
20,"""[0.8256814]""",0.0828985720872879,0.8256819844245911,0.9304243326187134,"""[0.0]""",0.9519503116607666,0.0,0.0
21,"""[0.8277692]""",0.08539968729019165,0.8277696371078491,0.9332733750343323,"""[0.0]""",1.0789165496826172,0.0,0.0
22,"""[0.8246773]""",0.08592924475669861,0.8246778845787048,0.9310241341590881,"""[0.0]""",1.0357192754745483,0.0,0.0
23,"""[0.82609224]""",0.08398347347974777,0.8260927200317383,0.9323736429214478,"""[0.0]""",1.0321269035339355,0.0,0.0
24,"""[0.83237255]""",0.0861891433596611,0.8323730230331421,0.931473970413208,"""[0.0]""",1.0321674346923828,0.0,0.0
25,"""[0.83593273]""",0.08797185122966766,0.835933268070221,0.9320737719535828,"""[0.0]""",0.95587158203125,0.0,0.0
26,"""[0.8389527]""",0.08277376741170883,0.8389533162117004,0.9326735734939575,"""[0.0]""",0.9092413783073425,0.0,0.0
27,"""[0.8483026]""",0.0821349248290062,0.8483031392097473,0.9332733750343323,"""[0.0]""",0.9836965203285217,0.0,0.0
28,"""[0.83916223]""",0.08640038222074509,0.8391627073287964,0.9317739009857178,"""[0.0]""",0.9537996053695679,0.0,0.0
29,"""[0.85211986]""",0.08465998619794846,0.8521203994750977,0.9340230822563171,"""[0.0]""",0.9814324975013733,0.0,0.0
30,"""[0.84505844]""",0.08451110124588013,0.8450589776039124,0.9347728490829468,"""[0.0]""",1.0015703439712524,0.0,0.0
31,"""[0.8517551]""",0.08828719705343246,0.851755678653717,0.9347728490829468,"""[0.0]""",0.9701820611953735,0.0,0.0
32,"""[0.8493109]""",0.08995813876390457,0.849311351776123,0.9338731169700623,"""[0.0]""",1.0536268949508667,0.0,0.0
33,"""[0.8388263]""",0.08849599212408066,0.8388268351554871,0.9349227547645569,"""[0.0]""",1.0081108808517456,0.0,0.0
34,"""[0.85596323]""",0.08516407757997513,0.8559637069702148,0.9329734444618225,"""[0.0]""",0.9590955972671509,0.0,0.0
35,"""[0.84927523]""",0.0902351513504982,0.8492757678031921,0.9319238066673279,"""[0.0]""",0.8859089612960815,0.0,0.0
36,"""[0.84741056]""",0.0880679115653038,0.8474110960960388,0.925176203250885,"""[0.0]""",0.8709815740585327,0.0,0.0
37,"""[0.8500064]""",0.08411983400583267,0.8500068783760071,0.9287749528884888,"""[0.0]""",0.8877477645874023,0.0,0.0
38,"""[0.8509176]""",0.08486030250787735,0.8509180545806885,0.931174099445343,"""[0.0]""",0.9119659662246704,0.0,0.0
39,"""[0.8370486]""",0.08761222660541534,0.8370490670204163,0.9289248585700989,"""[0.0]""",0.9216218590736389,0.0,0.0
40,"""[0.85562843]""",0.08255445957183838,0.8556289672851562,0.9322237372398376,"""[0.0]""",0.8988765478134155,0.0,0.0
41,"""[0.8378042]""",0.09100493043661118,0.8378047347068787,0.922477126121521,"""[0.0]""",0.9412438869476318,0.0,0.0
42,"""[0.84941775]""",0.08356866240501404,0.8494182229042053,0.9304243326187134,"""[0.0]""",0.943035900592804,0.0,0.0
43,"""[0.841079]""",0.08794699609279633,0.8410794734954834,0.9253261089324951,"""[0.0]""",0.9704788327217102,0.0,0.0
44,"""[0.85969484]""",0.08518330007791519,0.859695315361023,0.9307242631912231,"""[0.0]""",1.0181771516799927,0.0,0.0
45,"""[0.87367046]""",0.08862559497356415,0.8736709356307983,0.9364222288131714,"""[0.0]""",1.031622052192688,0.0,0.0
46,"""[0.88348365]""",0.08976556360721588,0.8834841847419739,0.9368720650672913,"""[0.0]""",0.9693990349769592,0.0,0.0
47,"""[0.8951665]""",0.10289698094129562,0.8951670527458191,0.9359723925590515,"""[0.0]""",1.0480958223342896,0.0,0.0
48,"""[0.88135785]""",0.0885208249092102,0.8813583254814148,0.9379217028617859,"""[0.0]""",0.9841657280921936,0.0,0.0
49,"""[0.8817001]""",0.1015162318944931,0.8817005753517151,0.9298245906829834,"""[0.0]""",1.0526978969573975,0.0,0.0
50,"""[0.8785558]""",0.11852772533893585,0.8785562515258789,0.9307242631912231,"""[0.0]""",1.002665638923645,0.0,0.0
51,"""[0.81776464]""",0.08113553375005722,0.8177651762962341,0.9097315669059753,"""[0.0]""",0.6596527099609375,0.0,0.0
52,"""[0.8403115]""",0.07144609838724136,0.8403120040893555,0.9208276867866516,"""[0.0]""",0.6312297582626343,0.0,0.0
53,"""[0.85381365]""",0.07004480063915253,0.8538141250610352,0.9230769276618958,"""[0.0]""",0.6381532549858093,0.0,0.0
54,"""[0.86032844]""",0.07217121124267578,0.8603289723396301,0.92547607421875,"""[0.0]""",0.670610249042511,0.0,0.0
55,"""[0.85716236]""",0.07323706895112991,0.8571628332138062,0.9178287386894226,"""[0.015747532]""",0.6686040759086609,0.015748031437397003,0.003100775182247162
56,"""[0.86440384]""",0.06745965033769608,0.8644043803215027,0.9205278158187866,"""[0.022507537]""",0.6679293513298035,0.022508038207888603,0.005426356568932533
57,"""[0.8657154]""",0.07048049569129944,0.8657159209251404,0.9193282127380371,"""[0.074073575]""",0.6869188547134399,0.07407407462596893,0.029457364231348038
58,"""[0.8510604]""",0.07134328037500381,0.8510608673095703,0.9142300486564636,"""[0.13457894]""",0.6669620871543884,0.13457943499088287,0.055813953280448914
59,"""[0.8608459]""",0.07078571617603302,0.8608464002609253,0.9211276173591614,"""[0.12897477]""",0.6422225832939148,0.1289752721786499,0.05658914893865585
60,"""[0.8624029]""",0.06437409669160843,0.862403392791748,0.9200779795646667,"""[0.1314874]""",0.6349546909332275,0.1314878910779953,0.058914728462696075
61,"""[0.85744095]""",0.0602261945605278,0.8574414849281311,0.9226270914077759,"""[0.12758571]""",0.6565728783607483,0.12758620083332062,0.057364340871572495
62,"""[0.8572222]""",0.06890297681093216,0.8572226762771606,0.9200779795646667,"""[0.15602788]""",0.6528599262237549,0.1560283750295639,0.06821705400943756
63,"""[0.8581397]""",0.06289263814687729,0.8581401705741882,0.9215774536132812,"""[0.12433343]""",0.6548536419868469,0.1243339255452156,0.05426356568932533
64,"""[0.86645997]""",0.06218976527452469,0.8664605021476746,0.9242765307426453,"""[0.1349348]""",0.625426709651947,0.13493530452251434,0.05658914893865585
65,"""[0.86951584]""",0.06121757626533508,0.8695163130760193,0.9272754788398743,"""[0.12633783]""",0.6179183721542358,0.12633833289146423,0.04573643580079079
66,"""[0.8773914]""",0.06364116072654724,0.8773919343948364,0.928175151348114,"""[0.101448774]""",0.651218593120575,0.10144927352666855,0.03798449784517288
67,"""[0.8789552]""",0.05961617827415466,0.878955602645874,0.9287749528884888,"""[0.09311691]""",0.6536543369293213,0.09311740845441818,0.03565891459584236
68,"""[0.87006557]""",0.061585668474435806,0.8700660467147827,0.9287749528884888,"""[0.049852874]""",0.7128806114196777,0.0498533733189106,0.013178294524550438
69,"""[0.86218935]""",0.07416941225528717,0.8621898293495178,0.922177255153656,"""[0.0862064]""",0.7109799981117249,0.08620689809322357,0.027131782844662666
70,"""[0.8721237]""",0.06684403121471405,0.872124195098877,0.9265257120132446,"""[0.16108736]""",0.6739552617073059,0.16108787059783936,0.059689924120903015
71,"""[0.8719679]""",0.060997411608695984,0.8719683885574341,0.9272754788398743,"""[0.17612474]""",0.6629852652549744,0.17612524330615997,0.06976744532585144
72,"""[0.87758815]""",0.06275855004787445,0.8775886297225952,0.9277253150939941,"""[0.116980635]""",0.6537527441978455,0.1169811338186264,0.04806201532483101
73,"""[0.87512314]""",0.05953501537442207,0.8751236200332642,0.9289248585700989,"""[0.20626101]""",0.570519745349884,0.2062615156173706,0.08682170510292053
74,"""[0.8783454]""",0.058630991727113724,0.8783458471298218,0.9299744963645935,"""[0.22879127]""",0.5508326888084412,0.22879177331924438,0.0689922496676445
75,"""[0.8684688]""",0.06003635749220848,0.86846923828125,0.9247263669967651,"""[0.13749951]""",0.5528586506843567,0.13750000298023224,0.03410852700471878
76,"""[0.86233974]""",0.06165139749646187,0.8623402118682861,0.9205278158187866,"""[0.18503886]""",0.5680643916130066,0.18503937125205994,0.0364341102540493
77,"""[0.86846495]""",0.05873647332191467,0.8684654235839844,0.9266756772994995,"""[0.11494203]""",0.59247887134552,0.1149425283074379,0.01550387591123581
78,"""[0.87099004]""",0.05710046738386154,0.870990514755249,0.9242765307426453,"""[0.07108955]""",0.5585033893585205,0.07109005004167557,0.011627906933426857
79,"""[0.872497]""",0.061392735689878464,0.8724974989891052,0.9214274883270264,"""[0.27668795]""",0.47288280725479126,0.27668845653533936,0.09844961017370224
80,"""[0.8687869]""",0.06298501789569855,0.8687872886657715,0.9173789024353027,"""[0.32411018]""",0.48000285029411316,0.3241106867790222,0.12713178992271423
81,"""[0.86984396]""",0.06347482651472092,0.8698444366455078,0.9139301180839539,"""[0.3068387]""",0.47913509607315063,0.3068391978740692,0.12868216633796692
82,"""[0.8741944]""",0.0633639469742775,0.8741949200630188,0.9158794283866882,"""[0.32798523]""",0.44221365451812744,0.3279857337474823,0.14263565838336945
83,"""[0.8681455]""",0.06947266310453415,0.8681460022926331,0.9092817306518555,"""[0.3303882]""",0.4543795585632324,0.3303886950016022,0.14496123790740967
84,"""[0.88039863]""",0.06025078147649765,0.8803991675376892,0.9260758757591248,"""[0.3370039]""",0.4671028256416321,0.3370043933391571,0.11860465258359909
85,"""[0.8801601]""",0.0658620297908783,0.8801605701446533,0.9206777811050415,"""[0.35073358]""",0.45732295513153076,0.35073408484458923,0.1666666716337204
86,"""[0.88105106]""",0.06161489337682724,0.8810515999794006,0.9196281433105469,"""[0.44877997]""",0.4231269955635071,0.44878047704696655,0.21395349502563477
87,"""[0.8714769]""",0.05988185852766037,0.8714773654937744,0.9181286692619324,"""[0.44687977]""",0.46081650257110596,0.4468802809715271,0.20542635023593903
88,"""[0.8697183]""",0.05776097625494003,0.8697187900543213,0.9229269623756409,"""[0.34563708]""",0.5117934346199036,0.34563758969306946,0.15968991816043854
89,"""[0.86810327]""",0.05978546291589737,0.8681038022041321,0.9178287386894226,"""[0.4777392]""",0.43130671977996826,0.47773972153663635,0.216279074549675
90,"""[0.8812884]""",0.05382036417722702,0.8812888860702515,0.9350727200508118,"""[0.33535302]""",0.5136145949363708,0.3353535234928131,0.12868216633796692
91,"""[0.8873856]""",0.0492355152964592,0.8873860836029053,0.9346228837966919,"""[0.37196717]""",0.5659427046775818,0.3719676434993744,0.10697674751281738
92,"""[0.8930094]""",0.048365846276283264,0.8930099606513977,0.9386714696884155,"""[0.4513884]""",0.4957408607006073,0.4513888955116272,0.151162788271904
93,"""[0.8937015]""",0.046933673322200775,0.8937019109725952,0.940470814704895,"""[0.43551353]""",0.46090999245643616,0.43551403284072876,0.18062014877796173
94,"""[0.89208895]""",0.05615653470158577,0.8920894265174866,0.9334232807159424,"""[0.5582273]""",0.35802462697029114,0.5582278370857239,0.34186047315597534
95,"""[0.89041436]""",0.05589292198419571,0.8904148936271667,0.9235267639160156,"""[0.5997547]""",0.36214685440063477,0.5997552275657654,0.3798449635505676
96,"""[0.9012127]""",0.05249373987317085,0.9012131690979004,0.9356725215911865,"""[0.59593344]""",0.40955591201782227,0.5959339141845703,0.3635658919811249
97,"""[0.8977562]""",0.06017483025789261,0.8977566957473755,0.9361223578453064,"""[0.554513]""",0.4356895983219147,0.5545134544372559,0.36666667461395264
98,"""[0.8969988]""",0.0516415610909462,0.8969994187355042,0.9323736429214478,"""[0.5394084]""",0.5207412242889404,0.5394088625907898,0.3395348787307739
99,"""[0.9069291]""",0.049692388623952866,0.9069295525550842,0.9380716681480408,"""[0.5434512]""",0.5400953888893127,0.5434516668319702,0.34418603777885437
100,"""[0.88051903]""",0.07821814715862274,0.8805195093154907,0.9149797558784485,"""[0.44278556]""",0.6937541961669922,0.4427860677242279,0.275968998670578
101,"""[0.86723506]""",0.03995305299758911,0.8672356009483337,0.9295246601104736,"""[0.7949461]""",0.20423361659049988,0.794946551322937,0.6341085433959961
102,"""[0.86947405]""",0.039354026317596436,0.8694745898246765,0.9379217028617859,"""[0.8184611]""",0.19235298037528992,0.818461537361145,0.6186046600341797
103,"""[0.8653496]""",0.0388370156288147,0.865350067615509,0.9395711421966553,"""[0.82243955]""",0.19964635372161865,0.8224400877952576,0.5852712988853455
104,"""[0.86221564]""",0.039099402725696564,0.8622161149978638,0.9392712712287903,"""[0.81354004]""",0.20259535312652588,0.813540518283844,0.5682170391082764
105,"""[0.8629793]""",0.03905705735087395,0.8629797697067261,0.9406207799911499,"""[0.79999954]""",0.20811939239501953,0.800000011920929,0.5550387501716614
106,"""[0.8672745]""",0.03918427228927612,0.8672749996185303,0.9406207799911499,"""[0.791523]""",0.21220484375953674,0.7915234565734863,0.5356588959693909
107,"""[0.86963093]""",0.04023968428373337,0.8696314692497253,0.9412205815315247,"""[0.7867128]""",0.2101844847202301,0.7867133021354675,0.5232558250427246
108,"""[0.872334]""",0.041708704084157944,0.8723344802856445,0.9385215044021606,"""[0.78031164]""",0.2102295607328415,0.7803121209144592,0.5038759708404541
109,"""[0.8746673]""",0.04250124469399452,0.874667763710022,0.9376218318939209,"""[0.76654583]""",0.21727797389030457,0.7665463089942932,0.4937984347343445
110,"""[0.87605107]""",0.042388688772916794,0.8760516047477722,0.9368720650672913,"""[0.7529828]""",0.22097939252853394,0.7529832720756531,0.48914727568626404
111,"""[0.8756298]""",0.0424276739358902,0.875630259513855,0.937471866607666,"""[0.746411]""",0.22384077310562134,0.7464115023612976,0.48372092843055725
112,"""[0.8757516]""",0.042729705572128296,0.8757520914077759,0.9385215044021606,"""[0.7334132]""",0.23160195350646973,0.7334137558937073,0.4713178277015686
113,"""[0.8773156]""",0.043743446469306946,0.8773161172866821,0.937171995639801,"""[0.7133671]""",0.24256055057048798,0.7133675813674927,0.43023255467414856
114,"""[0.88044953]""",0.04227500036358833,0.8804500699043274,0.9386714696884155,"""[0.70595646]""",0.2489660084247589,0.7059569358825684,0.43178293108940125
115,"""[0.8834177]""",0.04456445202231407,0.8834182024002075,0.9362723231315613,"""[0.7170726]""",0.24999168515205383,0.7170731425285339,0.4558139443397522
116,"""[0.8838192]""",0.04632962867617607,0.8838197588920593,0.9353725910186768,"""[0.71976]""",0.2549595832824707,0.7197604775428772,0.4658914804458618
117,"""[0.88488233]""",0.047564174979925156,0.8848828673362732,0.9347728490829468,"""[0.70998746]""",0.2697766423225403,0.7099879384040833,0.45736435055732727
118,"""[0.8823857]""",0.046966660767793655,0.8823861479759216,0.9382216334342957,"""[0.7093708]""",0.2820585370063782,0.7093712687492371,0.4635658860206604
119,"""[0.8791903]""",0.04850590601563454,0.8791908621788025,0.9319238066673279,"""[0.7010671]""",0.28773120045661926,0.7010676264762878,0.4581395387649536
120,"""[0.87892836]""",0.04628079757094383,0.8789288401603699,0.9350727200508118,"""[0.70095646]""",0.29310762882232666,0.7009569406509399,0.4542635679244995
121,"""[0.88088125]""",0.048416867852211,0.8808817267417908,0.9347728490829468,"""[0.69073355]""",0.30190640687942505,0.6907340288162231,0.4449612498283386
122,"""[0.8789365]""",0.046403467655181885,0.8789370059967041,0.9373219609260559,"""[0.6982092]""",0.30250284075737,0.6982097029685974,0.4232558012008667
123,"""[0.876503]""",0.043089814484119415,0.8765034675598145,0.9397211074829102,"""[0.6680157]""",0.33339831233024597,0.6680161952972412,0.38372093439102173
124,"""[0.87755626]""",0.043027281761169434,0.8775567412376404,0.9392712712287903,"""[0.64275813]""",0.3526134192943573,0.6427586078643799,0.36124029755592346
125,"""[0.8767463]""",0.04188959300518036,0.8767467737197876,0.9407707452774048,"""[0.62304354]""",0.3723032772541046,0.6230440735816956,0.3395348787307739
126,"""[0.8778503]""",0.04180899262428284,0.8778508305549622,0.9407707452774048,"""[0.66432536]""",0.34314844012260437,0.6643258333206177,0.36666667461395264
127,"""[0.8797402]""",0.04548460245132446,0.8797405958175659,0.9356725215911865,"""[0.6350645]""",0.3488648533821106,0.635064959526062,0.3790697753429413
128,"""[0.8801226]""",0.037603430449962616,0.8801230788230896,0.943469762802124,"""[0.7141083]""",0.3049319386482239,0.7141088843345642,0.44728681445121765
129,"""[0.8796067]""",0.05229398235678673,0.8796072006225586,0.9268255829811096,"""[0.67165995]""",0.2993689477443695,0.6716604232788086,0.41705426573753357
130,"""[0.8763851]""",0.045744139701128006,0.8763855695724487,0.9365721940994263,"""[0.6458051]""",0.3375190198421478,0.6458055973052979,0.3759689927101135
131,"""[0.871392]""",0.044946782290935516,0.871392548084259,0.9326735734939575,"""[0.66401017]""",0.3315246105194092,0.6640106439590454,0.38759690523147583
132,"""[0.876873]""",0.04254337027668953,0.8768734931945801,0.9386714696884155,"""[0.7159995]""",0.34459763765335083,0.7160000205039978,0.4162790775299072
133,"""[0.8689804]""",0.045917805284261703,0.8689809441566467,0.9308741688728333,"""[0.6637926]""",0.3742333650588989,0.6637930870056152,0.3581395447254181
134,"""[0.8791033]""",0.04008076339960098,0.8791038393974304,0.9355225563049316,"""[0.71742064]""",0.39857131242752075,0.7174211144447327,0.40542635321617126
135,"""[0.8636296]""",0.04462393373250961,0.8636300563812256,0.9325236082077026,"""[0.6872176]""",0.37687796354293823,0.6872180700302124,0.354263573884964
136,"""[0.8839508]""",0.04023582115769386,0.8839513063430786,0.9365721940994263,"""[0.70946985]""",0.4783738851547241,0.7094703316688538,0.3426356613636017
137,"""[0.8686014]""",0.04923001676797867,0.8686018586158752,0.9287749528884888,"""[0.72237146]""",0.36906665563583374,0.7223719954490662,0.4155038893222809
138,"""[0.8812603]""",0.059189651161432266,0.8812608122825623,0.9181286692619324,"""[0.6401133]""",0.5067809224128723,0.6401137709617615,0.3488371968269348
139,"""[0.86661017]""",0.04820845648646355,0.8666106462478638,0.9274253845214844,"""[0.68339723]""",0.43098050355911255,0.6833977103233337,0.4116279184818268
140,"""[0.87550026]""",0.05759259685873985,0.8755008578300476,0.9173789024353027,"""[0.6666662]""",0.4453975558280945,0.6666666865348816,0.4124031066894531
141,"""[0.87699723]""",0.05514911562204361,0.876997709274292,0.9215774536132812,"""[0.66420615]""",0.4714382588863373,0.6642066240310669,0.41860464215278625
142,"""[0.87842417]""",0.05602699890732765,0.8784246444702148,0.9230769276618958,"""[0.6494409]""",0.539807915687561,0.6494413614273071,0.3604651093482971
143,"""[0.87349606]""",0.05303386226296425,0.8734965324401855,0.9256260395050049,"""[0.6524818]""",0.508816123008728,0.652482271194458,0.42790699005126953
144,"""[0.8760302]""",0.05447270721197128,0.876030683517456,0.9239766001701355,"""[0.6634494]""",0.49997690320014954,0.6634499430656433,0.42635658383369446
145,"""[0.8737654]""",0.05201657488942146,0.8737658858299255,0.9289248585700989,"""[0.67230123]""",0.5022426843643188,0.672301709651947,0.4007751941680908
146,"""[0.8737148]""",0.04370331019163132,0.873715341091156,0.9305742979049683,"""[0.6953031]""",0.4691360890865326,0.6953035593032837,0.47054263949394226
147,"""[0.8788219]""",0.04798416048288345,0.878822386264801,0.9265257120132446,"""[0.6561708]""",0.545821487903595,0.6561712622642517,0.4038759768009186
148,"""[0.88285005]""",0.05441943183541298,0.8828505873680115,0.9232268929481506,"""[0.6812791]""",0.5367916822433472,0.6812795996665955,0.44573643803596497
149,"""[0.8815859]""",0.043141961097717285,0.8815863728523254,0.9332733750343323,"""[0.69180703]""",0.5845470428466797,0.6918075680732727,0.4124031066894531
150,"""[0.8809854]""",0.044668298214673996,0.8809859156608582,0.9379217028617859,"""[0.6940099]""",0.5640522837638855,0.6940104365348816,0.41317829489707947
151,"""[0.8558851]""",0.04467768967151642,0.8558855652809143,0.9332733750343323,"""[0.9229893]""",0.2303052693605423,0.9229897856712341,0.6317829489707947
152,"""[0.85651404]""",0.045439500361680984,0.856514573097229,0.934472918510437,"""[0.913813]""",0.2547439634799957,0.9138134717941284,0.6000000238418579
153,"""[0.8595694]""",0.04208929464221001,0.859569787979126,0.9407707452774048,"""[0.90846]""",0.29906371235847473,0.9084604978561401,0.5077519416809082
154,"""[0.8640412]""",0.04060974717140198,0.8640416860580444,0.9443694949150085,"""[0.87650555]""",0.3242855370044708,0.8765060305595398,0.45116278529167175
155,"""[0.86566293]""",0.04290313646197319,0.8656634092330933,0.94017094373703,"""[0.862015]""",0.3435383439064026,0.8620154857635498,0.4310077428817749
156,"""[0.86832595]""",0.044017717242240906,0.8683264255523682,0.9413705468177795,"""[0.8493585]""",0.3530355989933014,0.8493589758872986,0.41085270047187805
157,"""[0.8693601]""",0.04399915784597397,0.869360625743866,0.9419702887535095,"""[0.8545146]""",0.36878103017807007,0.8545150756835938,0.3961240351200104
158,"""[0.8726561]""",0.04374926909804344,0.8726565837860107,0.9422702193260193,"""[0.8556696]""",0.37393760681152344,0.8556700944900513,0.38604649901390076
159,"""[0.873331]""",0.04393760859966278,0.8733314871788025,0.9418203830718994,"""[0.858376]""",0.3749992251396179,0.8583765029907227,0.3852713108062744
160,"""[0.8738169]""",0.04402884840965271,0.8738174438476562,0.9418203830718994,"""[0.8714783]""",0.37597012519836426,0.8714788556098938,0.38372093439102173
161,"""[0.8751912]""",0.043570924550294876,0.8751917481422424,0.9410706162452698,"""[0.8797122]""",0.3800080716609955,0.8797127604484558,0.3798449635505676
162,"""[0.874477]""",0.04234739765524864,0.8744775652885437,0.9412205815315247,"""[0.87658757]""",0.3823603391647339,0.8765880465507507,0.37441861629486084
163,"""[0.8739538]""",0.04285300895571709,0.8739542961120605,0.939871072769165,"""[0.8772558]""",0.38333430886268616,0.8772563338279724,0.37674418091773987
164,"""[0.8743895]""",0.04236737638711929,0.8743900656700134,0.940470814704895,"""[0.8797809]""",0.38545358180999756,0.8797814249992371,0.37441861629486084
165,"""[0.875313]""",0.04153543710708618,0.8753134608268738,0.9421202540397644,"""[0.8829977]""",0.3852187991142273,0.8829981684684753,0.37441861629486084
166,"""[0.8761488]""",0.04070637747645378,0.8761493563652039,0.9430199265480042,"""[0.8858691]""",0.3833889961242676,0.885869562625885,0.3790697753429413
167,"""[0.8759221]""",0.039374660700559616,0.8759225606918335,0.943169891834259,"""[0.89137876]""",0.3695095181465149,0.8913792967796326,0.4007751941680908
168,"""[0.87567663]""",0.03846387565135956,0.8756771683692932,0.9452691674232483,"""[0.8920738]""",0.3705752193927765,0.8920742273330688,0.4100775122642517
169,"""[0.8756422]""",0.039468396455049515,0.8756426572799683,0.9449692368507385,"""[0.89822245]""",0.3561190366744995,0.8982229232788086,0.4310077428817749
170,"""[0.8755038]""",0.04027455672621727,0.8755042552947998,0.9437696933746338,"""[0.8915465]""",0.3519743084907532,0.8915470242500305,0.4333333373069763
171,"""[0.8724549]""",0.04048359394073486,0.872455358505249,0.9446693658828735,"""[0.88702244]""",0.3357026278972626,0.8870229125022888,0.4503875970840454
172,"""[0.87127435]""",0.03932875767350197,0.8712748289108276,0.9469186067581177,"""[0.8845025]""",0.3261547386646271,0.8845029473304749,0.4689922332763672
173,"""[0.87064624]""",0.0392298549413681,0.8706467747688293,0.9446693658828735,"""[0.8853142]""",0.3229866325855255,0.8853147029876709,0.4906976819038391
174,"""[0.87360907]""",0.0403355173766613,0.8736095428466797,0.9421202540397644,"""[0.8845066]""",0.3341253399848938,0.8845070600509644,0.486821711063385
175,"""[0.8760245]""",0.03890138119459152,0.8760250210762024,0.9451192021369934,"""[0.8907889]""",0.3071843981742859,0.8907894492149353,0.5248062014579773
176,"""[0.8784872]""",0.03769855946302414,0.8784877061843872,0.9442195296287537,"""[0.8942416]""",0.26509523391723633,0.8942420482635498,0.5899224877357483
177,"""[0.87914646]""",0.03539484366774559,0.879146933555603,0.9457190036773682,"""[0.88369393]""",0.26627713441848755,0.8836944103240967,0.6007751822471619
178,"""[0.88227856]""",0.034311261028051376,0.8822790384292603,0.9473684430122375,"""[0.8720796]""",0.2700572907924652,0.8720800876617432,0.6077519655227661
179,"""[0.88317645]""",0.03502655029296875,0.8831769227981567,0.9454191327095032,"""[0.87792426]""",0.2444278448820114,0.8779247403144836,0.6689922213554382
180,"""[0.8773962]""",0.040457721799612045,0.8773967623710632,0.9400209784507751,"""[0.8879051]""",0.24855372309684753,0.8879055976867676,0.699999988079071
181,"""[0.8741791]""",0.04282708466053009,0.8741796016693115,0.9386714696884155,"""[0.87110585]""",0.3178184926509857,0.8711063265800476,0.6286821961402893
182,"""[0.87174076]""",0.043471161276102066,0.8717412352561951,0.9376218318939209,"""[0.8661412]""",0.34237340092658997,0.8661417365074158,0.5968992114067078
183,"""[0.87260205]""",0.04621901735663414,0.8726025223731995,0.9346228837966919,"""[0.84245026]""",0.3562018573284149,0.842450737953186,0.5968992114067078
184,"""[0.8648869]""",0.04885438457131386,0.8648874163627625,0.9329734444618225,"""[0.83585054]""",0.305481493473053,0.8358509540557861,0.643410861492157
185,"""[0.8494135]""",0.0506962351500988,0.8494139909744263,0.9346228837966919,"""[0.8225801]""",0.2899722754955292,0.8225806355476379,0.5534883737564087
186,"""[0.8483563]""",0.0498712956905365,0.8483567237854004,0.9328235387802124,"""[0.824306]""",0.3423060178756714,0.8243064880371094,0.48372092843055725
187,"""[0.8494854]""",0.053100645542144775,0.8494859337806702,0.9292247891426086,"""[0.83212507]""",0.29215994477272034,0.8321256041526794,0.5341085195541382
188,"""[0.8514533]""",0.052770961076021194,0.8514537811279297,0.9265257120132446,"""[0.81378436]""",0.29878756403923035,0.8137847781181335,0.5217054486274719
189,"""[0.84894204]""",0.050535090267658234,0.8489425778388977,0.9269755482673645,"""[0.7986186]""",0.2794090509414673,0.7986190915107727,0.5379844903945923
190,"""[0.851999]""",0.04815207049250603,0.8519994616508484,0.9296746253967285,"""[0.7811403]""",0.2771972715854645,0.7811408638954163,0.5201550126075745
191,"""[0.8545699]""",0.04557346925139427,0.8545704483985901,0.9322237372398376,"""[0.7705673]""",0.2677795886993408,0.770567774772644,0.5155038833618164
192,"""[0.85739803]""",0.04436340183019638,0.857398509979248,0.9340230822563171,"""[0.76430154]""",0.2700018286705017,0.7643020749092102,0.5178294777870178
193,"""[0.8590728]""",0.043844178318977356,0.8590733408927917,0.934173047542572,"""[0.75806403]""",0.2679305672645569,0.7580645084381104,0.5100775361061096
194,"""[0.86213994]""",0.04351716488599777,0.8621404767036438,0.9349227547645569,"""[0.7388133]""",0.26277291774749756,0.7388137578964233,0.5503876209259033
195,"""[0.865235]""",0.04167227819561958,0.865235447883606,0.9367221593856812,"""[0.74270785]""",0.271465927362442,0.7427083253860474,0.55271315574646
196,"""[0.8616928]""",0.0415002666413784,0.8616933226585388,0.9370220303535461,"""[0.7626369]""",0.2549850344657898,0.7626373767852783,0.5379844903945923
197,"""[0.8561996]""",0.04455384984612465,0.8562001585960388,0.9338731169700623,"""[0.7418143]""",0.24952241778373718,0.7418147921562195,0.6147286891937256
198,"""[0.8636108]""",0.042073655873537064,0.8636112809181213,0.9380716681480408,"""[0.759652]""",0.23220284283161163,0.7596524953842163,0.6100775003433228
199,"""[0.8583444]""",0.04448419809341431,0.8583448529243469,0.9331234097480774,"""[0.74418557]""",0.23616163432598114,0.7441860437393188,0.6201550364494324
